Competition,Stage,Round,Date,Kickoff (UTC),Home Team,Away Team,Score Home,Score Away,Odds Home,Odds Draw,Odds Away,Status
Europa League,Play Offs,,2026-04-30,20:00,Arsenal,Atl. Madrid,,,1.57,4.20,5.50,Scheduled
Liga Profesional - Apertura,Argentina,,2026-04-30,Finished,Estudiantes Rio Cuarto,Instituto,0,2,3.50,2.82,2.30,Finished
Primera Nacional,Argentina,,2026-04-30,Finished,Quilmes,Chacarita Juniors,0,0,2.25,2.70,3.80,Finished
Primera Nacional,Argentina,,2026-04-30,Finished,Gimnasia y Tiro,Agropecuario,2,3,2.25,2.65,3.25,Finished
Primera B,Argentina,,2026-04-30,Finished,Comunicaciones,Ituzaingo,3,2,1.73,3.67,4.55,Finished
Reserve League - Apertura,Argentina,,2026-04-30,19:00,Atl. Rafaela 2,Huracan 2,,,3.81,3.02,1.97,Scheduled
Reserve League - Apertura,Argentina,,2026-04-30,19:00,Independiente 2,Ferro 2,,,1.47,3.66,6.74,Scheduled
Reserve League - Apertura,Argentina,,2026-04-30,19:00,Instituto 2,Gimnasia Mendoza 2,,,2.04,3.02,3.56,Scheduled
Reserve League - Apertura,Argentina,,2026-04-30,19:00,Platense 2,Estudiantes Rio Cuarto 2,,,1.86,3.10,4.14,Scheduled
Reserve League - Apertura,Argentina,,2026-04-30,19:00,Quilmes 2,Defensa y Justicia 2,,,2.20,2.96,3.24,Scheduled
Reserve League - Apertura,Argentina,,2026-04-30,23:00,River Plate 2,Racing Club 2,,,1.55,3.75,5.28,Scheduled
First League,Armenia,,2026-04-30,13:00,Ararat Yerevan 2,Hayq,,,,,,Scheduled
First League,Armenia,,2026-04-30,13:00,BKMA 2,Bentonit,,,,,,Scheduled
First League,Armenia,,2026-04-30,13:00,Sardarapat,Ararat-Armenia 2,,,,,,Scheduled
First League,Armenia,,2026-04-30,15:00,Noah 2,Van 2,,,,,,Scheduled
Division di Honor - Relegation,Aruba,,2026-04-30,Finished,Jong Aruba,Brazil Juniors,1,3,2.11,3.52,2.91,Finished
AFC Asian Cup U17,Asia,,2026-04-30,17:00,Japan U17,Qatar U17,,,,,,Scheduled
AFC Asian Cup U17,Asia,,2026-04-30,17:30,Indonesia U17,China U17,,,,,,Scheduled
AFC Asian Cup U17,Asia,,2026-04-30,18:00,Saudi Arabia U17,Myanmar U17,,,,,,Scheduled
AFC Asian Cup U17,Asia,,2026-04-30,18:30,Tajikistan U17,Thailand U17,,,,,,Scheduled
AFC Asian Cup Women U17,Asia,,2026-04-30,Finished,Chinese Taipei U17 W,South Korea U17 W,0,4,,,Scheduled
AFC Asian Cup Women U17,Asia,,2026-04-30,Finished,Lebanon U17 W,Australia U17 W,1,1,,,Scheduled
AFC Asian Cup Women U17,Asia,,2026-04-30,12:30,India U17 W,Japan U17 W,,,,,,Scheduled
AFC Asian Cup Women U17,Asia,,2026-04-30,12:30,Philippines U17 W,North Korea U17 W,,,,,,Scheduled
Regionalliga East,Austria,,2026-04-30,18:30,Wiener Sport-Club,Parndorf,,,2.73,3.74,2.14,Scheduled
Steiermark,Austria,,2026-04-30,18:00,Koflach,Stadtwerke Bruck/Mur,,,,,,Scheduled
Steiermark,Austria,,2026-04-30,18:00,Leoben,Allerheiligen,,,3.55,4.85,1.63,Scheduled
Steiermark,Austria,,2026-04-30,18:00,SV Union Gnas,Lebring,,,3.19,3.58,1.97,Scheduled
Steiermark,Austria,,2026-04-30,18:00,SV Wildon,Hohenhaus Schladming,,,1.21,5.65,10.40,Scheduled
Steiermark,Austria,,2026-04-30,18:00,Tillmitsch,Hartberg (Am),,,2.12,3.62,2.83,Scheduled
Steiermark,Austria,,2026-04-30,18:00,TUS Bad Waltersdorf,Furstenfeld,,,2.78,3.54,2.18,Scheduled
Steiermark,Austria,,2026-04-30,18:00,UFC Fehring,Pachern,,,1.74,3.90,3.70,Scheduled
Steiermark,Austria,,2026-04-30,18:00,Weinland Gamlitz,Ilzer SV,,,4.42,5.55,1.44,Scheduled
Premier League,Azerbaijan,,2026-04-30,13:00,Karvan,Neftci Baku,,,8.05,4.55,1.32,Scheduled
I Liqa,Azerbaijan,,2026-04-30,13:00,Sahdag Qusar,Mingachevir,,,4.49,3.40,1.71,Scheduled
Premier League,Bahrain,,2026-04-30,17:00,Al Riffa,Al-Shabbab,,,1.23,4.90,11.80,Scheduled
Premier League,Bahrain,,2026-04-30,17:00,Sitra,Al-Ahli Manama,,,2.52,2.96,2.64,Scheduled
Federation Cup - Play Offs,Bangladesh,,2026-04-30,77,Brothers U.,Bashundara Kings,0,3,5.94,4.13,1.49,Finished
Federation Cup - Play Offs,Bangladesh,,2026-04-30,Awaiting,Rahmatgonj MFS,Mohammedan,0,1,2.89,3.41,2.27,Finished
Premier League,Bhutan,,2026-04-30,13:00,BFF Academy U19,Ugyen Academy,,,1.88,3.98,3.14,Scheduled
Division Profesional,Bolivia,,2026-04-30,Finished,Universitario de Vinto,Blooming,1,1,1.79,4.10,3.60,Finished
Premier League,Botswana,,2026-04-30,14:30,Calendar Stars,Extension Gunners,,,,,,Scheduled
Premier League,Botswana,,2026-04-30,14:30,Nico United,Tafic FC,,,,,,Scheduled
Premier League,Botswana,,2026-04-30,14:30,Police XI,Black Lions,,,2.61,2.53,3.10,Scheduled
Premier League,Botswana,,2026-04-30,14:30,Santa Green,Orapa United,,,,,,Scheduled
Premier League,Botswana,,2026-04-30,18:00,Centre Chiefs,Gaborone Utd,,,3.35,3.00,2.18,Scheduled
Serie C - First stage,Brazil,,2026-04-30,Finished,Figueirense,Barra FC,0,3,2.60,2.99,2.86,Finished
Serie C - First stage,Brazil,,2026-04-30,Finished,Floresta EC,Maranhao,1,2,1.94,2.93,4.71,Finished
Serie C - First stage,Brazil,,2026-04-30,19:00,Ypiranga FC,Ituano,,,2.22,2.90,3.53,Scheduled
Serie D,Brazil,,2026-04-30,Finished,GAS,Manauara,1,2,4.98,3.67,1.68,Finished
Serie D,Brazil,,2026-04-30,Finished,Trem,Imperatriz,2,1,2.42,3.05,3.05,Finished
Serie D,Brazil,,2026-04-30,Finished,Democrata GV,Vitoria ES,2,0,2.54,3.01,2.90,Finished
Amapaense 2,Brazil,,2026-04-30,22:00,Santana EC,Sao Paulo AP,,,,,,Scheduled
Copa do Brasil U17,Brazil,,2026-04-30,19:00,Athletico-PR U17,Monte Roraima U17,,,,,,Scheduled
Copa do Brasil U17,Brazil,,2026-04-30,19:00,Coritiba U17,IAPE U17,,,,,,Scheduled
Copa do Brasil U17,Brazil,,2026-04-30,19:00,Cruzeiro U17,CSA U17,,,,,,Scheduled
Brasileiro U20,Brazil,,2026-04-30,19:00,RB Bragantino U20,Fortaleza U20,,,1.42,4.20,6.29,Scheduled
Brasileiro U20 B,Brazil,,2026-04-30,19:30,Vila Nova FC U20,Botafogo SP U20,,,2.33,3.28,2.64,Scheduled
Catarinense U20,Brazil,,2026-04-30,19:00,Joinville U20,Brusque U20,,,1.56,4.10,4.62,Scheduled
Kings League - Brazil,Brazil,,2026-04-30,Finished,DesimpaiN,Dendele,5,2,1.64,7.50,2.78,Finished
Kings League - Brazil,Brazil,,2026-04-30,Finished,Podpah Funkbol Clube,Loud,4,6,2.10,6.50,2.10,Finished
Brasileiro Women,Brazil,,2026-04-30,Finished,Sao Paulo W,Flamengo W,2,1,1.88,3.44,4.07,Finished
Brasileiro U20 Women - Play Offs,Brazil,,2026-04-30,20:00,Sao Paulo U20 W,Ferroviaria U20 W,,,,,,Scheduled
Brasileiro U20 Women - Play Offs,Brazil,,2026-04-30,22:00,Flamengo RJ U20 W,Internacional U20 W,,,,,,Scheduled
efbet League - Relegation Group,Bulgaria,,2026-04-30,15:30,Beroe,Montana,,,1.76,3.40,4.75,Scheduled
efbet League - Relegation Group,Bulgaria,,2026-04-30,18:00,Lok. Sofia,Botev Vratsa,,,1.66,3.70,5.00,Scheduled
Coupe du President,Burundi,,2026-04-30,14:00,Rukinzo,Ngozi City,,,,,,Scheduled
Coupe du President,Burundi,,2026-04-30,14:00,Vital'O,Aigle Noir,,,,,,Scheduled
Liga de Ascenso,Chile,,2026-04-30,Finished,San Marcos de Arica,Recoleta,1,0,1.87,3.33,4.26,Finished
Copa de la Liga,Chile,,2026-04-30,Finished,D. Concepcion,Huachipato,2,1,2.33,3.30,2.97,Finished
Super League,China,,2026-04-30,12:00,Qingdao West Coast,Tianjin Jinmen Tiger,,,2.01,3.40,3.60,Scheduled
Super League,China,,2026-04-30,12:35,Liaoning Tieren,Chengdu Rongcheng,,,6.00,4.50,1.45,Scheduled
Super League,China,,2026-04-30,12:35,Shandong Taishan,Shanghai Shenhua,,,2.57,3.60,2.40,Scheduled
Super League,China,,2026-04-30,13:00,Chongqing Tonglianglong,Henan Songshan Longmen,,,3.30,2.85,2.32,Scheduled
League Two,China,,2026-04-30,Finished,Dalian Yingbo B,Dalian Kewei,0,0,3.41,2.97,2.22,Finished
League Two,China,,2026-04-30,Finished,Changchun Xidu,Shandong Taishan B,1,1,4.93,3.33,1.73,Finished
League Two,China,,2026-04-30,Finished,Shenzhen,Jiangxi Lushan,0,2,1.85,3.18,4.44,Finished
League Two,China,,2026-04-30,12:30,Ganzhou Ruishi,Guizhou Guiyang,,,3.05,2.89,2.34,Scheduled
League Two,China,,2026-04-30,12:30,Wenzhou Professional,Guangzhou Dandelion,,,3.21,3.08,2.15,Scheduled
Primera B - Apertura - Quadrangular,Colombia,,2026-04-30,Finished,Quindio,Tigres,1,0,1.53,3.69,6.97,Finished
Liga de Ascenso - Clausura - Play Offs,Costa Rica,,2026-04-30,Finished,Inter San Carlos,Escorpiones,0,0,2.18,3.43,3.02,Finished
3. CFL - Group A,Czech Republic,,2026-04-30,16:00,Taborsko akademie,Domazlice,,,9.15,5.20,1.25,Scheduled
4. liga - Group B,Czech Republic,,2026-04-30,17:00,Chomutov,Ujezd Prague,,,2.27,3.38,2.74,Scheduled
U19 League,Czech Republic,,2026-04-30,15:15,Karvina U19,Slovacko U19,,,1.84,3.90,3.32,Scheduled
A-Liga Women - Championship Group,Denmark,,2026-04-30,18:00,Aarhus W,KoldingQ W,,,1.64,3.68,4.57,Scheduled
Ligue 1 - Championship Group,DR Congo,,2026-04-30,12:00,Simba,Aigles du Congo,,,,,,Scheduled
Ligue 1 - Championship Group,DR Congo,,2026-04-30,14:00,Maniema,Celeste,,,,,,Scheduled
Ligue 1 - Championship Group,DR Congo,,2026-04-30,14:00,St Eloi Lupopo,Mazembe,,,,,,Scheduled
Serie B,Ecuador,,2026-04-30,Finished,Dep. Santo Domingo,LDU Portoviejo,3,0,2.47,3.12,2.91,Finished
Premier League - Championship Group,Egypt,,2026-04-30,18:00,Al Ahly,Enppi,,,1.32,4.30,9.10,Scheduled
Premier League - Championship Group,Egypt,,2026-04-30,18:00,Ceramica Cleopatra,Pyramids,,,4.79,3.28,1.71,Scheduled
Premier League - Championship Group,Egypt,,2026-04-30,18:00,Smouha,Zamalek,,,6.59,3.40,1.53,Scheduled
Premier League U18,England,,2026-04-30,22,West Brom U18,Aston Villa U18,1,1,,,Scheduled
Premier League U18,England,,2026-04-30,12:00,Manchester City U18,Stoke City U18,,,,,,Scheduled
Premier League U18,England,,2026-04-30,12:00,Newcastle Utd U18,Leeds U18,,,,,,Scheduled
Premier League U18,England,,2026-04-30,12:00,West Ham U18,Arsenal U18,,,,,,Scheduled
Premier League U18,England,,2026-04-30,12:30,Sunderland U18,Everton U18,,,,,,Scheduled
Estonian Cup,Estonia,,2026-04-30,17:00,Flora,Narva,,,1.25,5.20,9.35,Scheduled
Swazi MTN Premier League,Eswatini,,2026-04-30,14:00,Rangers FC,Green Mamba,,,,,,Scheduled
Swazi MTN Premier League,Eswatini,,2026-04-30,14:00,Young Buffaloes,Amawele,,,,,,Scheduled
Premier League,Ethiopia,,2026-04-30,22,Ethiopia Nigd Bank,St. George,0,0,2.93,2.83,2.67,Finished
Premier League,Ethiopia,,2026-04-30,13:00,Dire Dawa,Ethiopia Bunna,,,3.70,2.52,2.34,Scheduled
Premier League,Ethiopia,,2026-04-30,14:00,Mekelle 70 Enderta,Arba Menche,,,2.59,2.40,3.35,Scheduled
Premier League,Ethiopia,,2026-04-30,16:00,Shire Endaselassie,Ethio Electric,,,4.27,2.60,2.07,Scheduled
Euro U17 Women,Europe,,2026-04-30,15:00,France U17 W,Poland U17 W,,,,,,Scheduled
Euro U17 Women,Europe,,2026-04-30,18:00,Spain U17 W,Finland U17 W,,,,,,Scheduled
Veikkausliiga,Finland,,2026-04-30,17:00,Gnistan,Inter Turku,,,4.75,3.75,1.62,Scheduled
Kakkonen Group B,Finland,,2026-04-30,17:00,Ilves 2,Abo,,,2.49,3.72,2.27,Scheduled
Suomen Cup,Finland,,2026-04-30,16:00,POHU,EBK,,,,,,Scheduled
Championnat D1,Gabon,,2026-04-30,14:00,Lozo,Oyem AC,,,,,,Scheduled
Championnat D1,Gabon,,2026-04-30,15:30,Ogooue,Mberi Sportif,,,,,,Scheduled
Championnat D1,Gabon,,2026-04-30,15:30,Stade Mandji,Stade Migoveen,,,,,,Scheduled
Championnat D1,Gabon,,2026-04-30,15:30,Vautour,Mangasport,,,,,,Scheduled
Championnat D1,Gabon,,2026-04-30,16:00,Bouenguidi,Bitam,,,,,,Scheduled
Crystalbet Erovnuli Liga,Georgia,,2026-04-30,17:00,Torpedo Kutaisi,Rustavi,,,1.80,3.24,4.24,Scheduled
Oberliga Hamburg,Germany,,2026-04-30,18:00,SC Victoria Hamburg,Niendorfer TSV,,,,,,Scheduled
Oberliga Hamburg,Germany,,2026-04-30,18:00,TSV Buchholz 08,ETSV Hamburg,,,,,,Scheduled
Oberliga Hamburg,Germany,,2026-04-30,18:30,Paloma,Suderelbe,,,,,,Scheduled
Oberliga Hamburg,Germany,,2026-04-30,18:30,Vorwarts-Wacker,Turkiye Wilhelmsburg,,,,,,Scheduled
Oberliga Bremen,Germany,,2026-04-30,17:30,Union 60 Bremen,Brinkumer,,,,,,Scheduled
Oberliga Bremen,Germany,,2026-04-30,18:00,BTS Neustadt,OSC Bremerhaven,,,,,,Scheduled
Oberliga Bremen,Germany,,2026-04-30,18:30,Geestemunde,Oberneuland,,,,,,Scheduled
Oberliga Bremen,Germany,,2026-04-30,18:30,Werder Bremen III,Leher,,,,,,Scheduled
Oberliga Bayern Süd,Germany,,2026-04-30,17:30,Gundelfingen,Munich 1860 II,,,,,,Scheduled
Besta deild Women,Iceland,,2026-04-30,20:15,Fram W,Throttur W,,,4.27,4.00,1.62,Scheduled
ISL,India,,2026-04-30,15:00,Mumbai City,East Bengal,,,3.20,3.40,1.95,Scheduled
I-League - Relegation Group,India,,2026-04-30,14:00,Gokulam,Aizawl,,,1.71,3.70,4.05,Scheduled
I-League 3,India,,2026-04-30,Finished,New Friends,Baghpat,0,9,,,Scheduled
I-League 3,India,,2026-04-30,Finished,Sunrise Club,Sikkim Brotherhood,4,1,,,Scheduled
I-League 3,India,,2026-04-30,Half Time,Mawlai SC,Raengdai,1,0,4.20,3.99,1.69,Scheduled
I-League 3,India,,2026-04-30,Cancelled,Kuppuraj,Diamond Rock,,,,,,Scheduled
I-League 3,India,,2026-04-30,11:30,Royal Rangers,Agniputhra,,,,,,Scheduled
Super League,Indonesia,,2026-04-30,90+7,Madura United,Bali United,2,0,2.35,3.68,2.69,Finished
Super League,Indonesia,,2026-04-30,13:00,Borneo,Persita,,,1.38,4.40,6.66,Scheduled
Stars League,Iraq,,2026-04-30,15:30,Duhok,Naft Missan,,,1.75,3.38,4.29,Scheduled
Stars League,Iraq,,2026-04-30,15:30,Newroz,Al Shorta,,,4.06,3.40,1.78,Scheduled
Stars League,Iraq,,2026-04-30,18:00,Al Naft,Al-Karma,,,3.53,2.85,2.14,Scheduled
Stars League,Iraq,,2026-04-30,18:00,Al Talaba,Al Zawraa,,,2.62,2.86,2.62,Scheduled
Ligat ha'Al - Championship Group,Israel,,2026-04-30,17:30,Maccabi Tel Aviv,Hapoel Petah Tikva,,,1.38,4.50,5.75,Scheduled
Leumit League - Promotion Group,Israel,,2026-04-30,17:00,H. Ironi Rishon,Kiryat Yam,,,2.23,3.38,2.81,Scheduled
Leumit League - Promotion Group,Israel,,2026-04-30,17:00,Hap. Ramat Gan,Maccabi Petah Tikva,,,3.63,3.62,1.82,Scheduled
Leumit League - Promotion Group,Israel,,2026-04-30,17:00,Hapoel Kfar Saba,Bnei Yehuda,,,2.84,3.40,2.20,Scheduled
Leumit League - Promotion Group,Israel,,2026-04-30,17:00,M. Herzliya,Hapoel Kfar Shalem,,,2.35,3.34,2.58,Scheduled
Leumit League - Relegation Group,Israel,,2026-04-30,17:00,Hapoel Hadera,Ironi Modiin,,,2.49,3.18,2.52,Scheduled
Leumit League - Relegation Group,Israel,,2026-04-30,17:00,MS Kafr Qasim,H. Akko,,,2.56,2.96,2.60,Scheduled
Ligue 1,Ivory Coast,,2026-04-30,17:00,Zoman,Mouna,,,2.72,2.82,2.56,Scheduled
League Women,Kazakhstan,,2026-04-30,66,Yelimay Semey W,Tobol W,0,0,,,Scheduled
League Women,Kazakhstan,,2026-04-30,22,Altai W,Shakhter Karagandy W,0,1,,,Scheduled
League Women,Kazakhstan,,2026-04-30,23,Kyzylzhar W,Ertis Pavlodar W,1,0,,,Scheduled
League Women,Kazakhstan,,2026-04-30,12:00,Aktobe W,FC Astana W,,,,,,Scheduled
League Women,Kazakhstan,,2026-04-30,13:00,Zhenis Astana W,Okzhetpes W,,,,,,Scheduled
LFA First Division,Liberia,,2026-04-30,17:00,BEA Mountain,LISCR FC,,,,,,Scheduled
LFA First Division,Liberia,,2026-04-30,17:00,Wologizi,Discoveries,,,,,,Scheduled
Liechtenstein Cup,Liechtenstein,,2026-04-30,19:00,Vaduz,Eschen/Mauren,,,,,,Scheduled
TOPLYGA,Lithuania,,2026-04-30,16:45,Kauno Zalgiris,Dziugas Telsiai,,,1.35,4.50,7.19,Scheduled
TOPLYGA,Lithuania,,2026-04-30,18:00,Riteriai,Banga,,,7.21,4.10,1.39,Scheduled
Premier League - Additional match,Malta,,2026-04-30,18:00,Zabbar,Tarxien,,,1.96,3.32,3.45,Scheduled
Ligue 1,Mauritania,,2026-04-30,17:45,Tevragh-Zeina,Pompiers,,,2.65,2.80,2.63,Scheduled
Super Liga - Relegation Group,Moldova,,2026-04-30,15:00,Iskra Ribnita,Real Sireti,,,,,,Scheduled
Super Liga - Relegation Group,Moldova,,2026-04-30,15:00,Stauceni,Floresti,,,,,,Scheduled
Eerste Divisie - Promotion,Netherlands,,2026-04-30,17:45,Waalwijk,Willem II,,,2.20,3.50,3.00,Scheduled
Divisie 1 U19 - Spring Season,Netherlands,,2026-04-30,12:00,Sparta Rotterdam U19,Feyenoord U19,,,4.01,4.20,1.63,Scheduled
Super Ligue,Niger,,2026-04-30,15:45,Douanes Niamey,liberte,,,,,,Scheduled
Super Ligue,Niger,,2026-04-30,15:45,Olympic Niamey,ASFAN,,,,,,Scheduled
Super Ligue,Niger,,2026-04-30,15:45,Tagour Provincial Club,ASGNN,,,,,,Scheduled
NPFL,Nigeria,,2026-04-30,16:00,Ikorodu City,Wikki Tourist,,,1.46,4.05,6.70,Scheduled
Professional League,Oman,,2026-04-30,16:10,Oman Club,Al-Samail,,,1.77,3.18,4.50,Scheduled
Emir Cup,Qatar,,2026-04-30,15:15,Al Wakra,Al-Gharafa,,,2.41,3.10,2.66,Scheduled
Emir Cup,Qatar,,2026-04-30,18:00,Al-Duhail,Al-Sadd,,,2.89,3.64,2.08,Scheduled
Liga 2 - Championship Group,Romania,,2026-04-30,15:30,FC Bihor,Chindia Targoviste,,,1.70,3.64,4.77,Scheduled
Premier League,Rwanda,,2026-04-30,14:00,Amagaju,Kiyovu,,,2.26,3.04,3.04,Scheduled
Premier League,Rwanda,,2026-04-30,14:00,Gasogi United,Gicumbi,,,2.17,2.88,3.42,Scheduled
Campionato Sammarinese - Play Offs,San Marino,,2026-04-30,19:45,Fiorentino,La Fiorita,,,12.60,5.20,1.21,Scheduled
Campionato Sammarinese - Play Offs,San Marino,,2026-04-30,19:45,Folgore,Domagnano,,,1.59,3.72,4.93,Scheduled
Saudi Professional League,Saudi Arabia,,2026-04-30,19:00,Al Khaleej,Al Hilal,,,8.50,5.25,1.22,Scheduled
Premiership - Relegation,Scotland,,2026-04-30,19:45,Dunfermline,Arbroath,,,2.15,3.40,3.30,Scheduled
Championship - Relegation,Scotland,,2026-04-30,19:45,Alloa,Airdrieonians,,,2.40,3.20,2.70,Scheduled
Championship - Relegation,Scotland,,2026-04-30,19:45,Queen of South,Stenhousemuir,,,2.55,3.30,2.55,Scheduled
League One - Relegation - Play Offs,Scotland,,2026-04-30,19:45,Clyde,Spartans,,,2.55,3.40,2.50,Scheduled
League One - Relegation - Play Offs,Scotland,,2026-04-30,19:45,Forfar Athletic,Hamilton,,,3.10,3.10,2.20,Scheduled
Premier League,Sierra Leone,,2026-04-30,17:30,Bhantal,Old Edwardians,,,2.52,2.65,3.06,Scheduled
Premier League,Singapore,,2026-04-30,12:30,Tanjong Pagar,Hougang,,,8.50,6.25,1.20,Scheduled
Nike liga - Relegation Group,Slovakia,,2026-04-30,17:00,Skalica,Kosice,,,2.53,3.54,2.49,Scheduled
Nike liga - Championship Group,Slovakia,,2026-04-30,17:00,Zilina,Michalovce,,,1.40,4.85,6.53,Scheduled
3. SNL - East,Slovenia,,2026-04-30,18:30,Dobrovce,Korotan,,,3.98,3.55,1.76,Scheduled
National league,Somalia,,2026-04-30,13:30,Jeenyo,Gaadiidka,,,,,,Scheduled
Betway Premiership,South Africa,,2026-04-30,18:30,Chippa Utd.,Sekhukhune,,,3.27,2.92,2.22,Scheduled
Betway Premiership,South Africa,,2026-04-30,18:30,Magesi,Orbit College,,,1.92,2.74,4.67,Scheduled
Betway Premiership,South Africa,,2026-04-30,18:30,Siwelele,Durban City,,,2.17,2.86,3.46,Scheduled
Betway Premiership,South Africa,,2026-04-30,18:30,Stellenbosch,Orlando Pirates,,,7.32,3.54,1.47,Scheduled
Copa Libertadores - Group Stage,South America,,2026-04-30,23:00,Rosario Central (Arg),Libertad Asuncion (Par),,,1.33,5.00,9.50,Scheduled
Copa Libertadores - Group Stage,South America,,2026-04-30,23:00,Sporting Cristal (Per),Palmeiras (Bra),,,6.00,3.90,1.57,Scheduled
Copa Sudamericana - Group Stage,South America,,2026-04-30,23:00,Dep. Riestra (Arg),Gremio (Bra),,,2.70,2.90,2.80,Scheduled
Copa Sudamericana - Group Stage,South America,,2026-04-30,23:00,Independiente (Bol),Caracas (Ven),,,2.10,3.60,3.40,Scheduled
Copa Sudamericana - Group Stage,South America,,2026-04-30,23:00,Juventud (Uru),Atletico-MG (Bra),,,3.40,3.25,2.15,Scheduled
K League 1,South Korea,,2026-04-30,Finished,Bucheon FC 1995,Jeju SK,0,1,2.75,3.00,2.63,Finished
K League 1,South Korea,,2026-04-30,Finished,Jeonbuk,Gwangju FC,4,0,1.33,4.50,9.50,Finished
K League 1,South Korea,,2026-04-30,Finished,Daejeon,Incheon,0,0,1.95,3.30,3.70,Finished
K League 1,South Korea,,2026-04-30,Finished,Gangwon,Pohang,1,1,1.83,3.10,4.50,Finished
K League 1,South Korea,,2026-04-30,Finished,Gimcheon Sangmu,Ulsan HD,1,2,3.40,3.60,1.95,Finished
K League 1,South Korea,,2026-04-30,24,Seoul,Anyang,0,0,1.65,3.70,5.00,Scheduled
WK League Women,South Korea,,2026-04-30,Finished,Gangjin Swans W,Incheon Hyundai Steel W,1,3,,,Scheduled
WK League Women,South Korea,,2026-04-30,Finished,Gyeongju W,Seoul W,0,1,,,Scheduled
WK League Women,South Korea,,2026-04-30,Finished,Mungyeong Sangmu W,Suwon FC W,1,3,,,Scheduled
WK League Women,South Korea,,2026-04-30,Finished,Sejong Sportstoto W,Hwacheon W,0,1,,,Scheduled
Superettan,Sweden,,2026-04-30,18:00,Falkenberg,Norrkoping,,,2.45,3.40,2.45,Scheduled
Premier League,Syria,,2026-04-30,14:00,Al-Ittihad Aleppo,Al Taliya,,,1.38,4.20,7.20,Scheduled
Premier League,Syria,,2026-04-30,14:00,Damascus Al-Ahli,Tishreen,,,,,,Scheduled
Premier League,Syria,,2026-04-30,14:00,Foutoua,Umayya,,,,,,Scheduled
Premier League,Syria,,2026-04-30,14:00,Homs Al Fidaa,Al Shorta,,,,,,Scheduled
Premier League,Syria,,2026-04-30,14:00,Jableh,Al Karamah,,,,,,Scheduled
Ligi Kuu Bara,Tanzania,,2026-04-30,12:00,Singida Black Stars,Pamba,,,1.50,3.48,6.76,Scheduled
Ligi Kuu Bara,Tanzania,,2026-04-30,14:15,Fountain Gate,Coastal Union,,,2.61,2.77,2.71,Scheduled
Ligi Kuu Bara,Tanzania,,2026-04-30,16:30,Azam,Namungo,,,1.20,5.05,14.60,Scheduled
Turkish Cup - Play Offs,Turkey,,2026-04-30,18:30,Besiktas,Konyaspor,,,1.50,4.10,5.00,Scheduled
UAE League,United Arab Emirates,,2026-04-30,15:05,Ajman,Al Jazira,,,4.86,4.00,1.55,Scheduled
UAE League,United Arab Emirates,,2026-04-30,17:45,Bani Yas,Al Dhafra,,,1.87,3.50,3.59,Scheduled
UAE League,United Arab Emirates,,2026-04-30,17:45,Dibba Al Fujairah,Al Bataeh,,,4.05,3.50,1.79,Scheduled
UAE League,United Arab Emirates,,2026-04-30,17:45,Ittihad Kalba,Khorfakkan,,,2.13,3.38,2.99,Scheduled
Pro Liga,Uzbekistan,,2026-04-30,13:00,Jayxun,Metallurg Bekabad,,,4.64,4.10,1.56,Scheduled
Pro Liga,Uzbekistan,,2026-04-30,13:00,Respublika FA,Lochin,,,2.34,3.18,2.78,Scheduled
Pro Liga,Uzbekistan,,2026-04-30,13:00,Shortan Guzor,Pakhtakor II,,,1.46,4.39,5.33,Scheduled
